vin,make,model,year,exterior,interior,miles
WA1YD54B13N209684,Mazda,B-Series,1995,Indigo,Purple,244462
1GYS3HEF9DR198469,GMC,1500,1996,Aquamarine,Goldenrod,279372
WBANA53505B308074,Suzuki,SJ,1995,Teal,Maroon,36843
WAUMR94E78N730789,Nissan,Quest,2008,Crimson,Khaki,241955
WVGEG9BP3DD405571,Mitsubishi,Montero,2006,Turquoise,Green,55534
1FTEW1CF1FK662125,Hyundai,Sonata,2007,Violet,Blue,203095
2HNYD18602H255018,Lamborghini,Diablo,1992,Fuscia,Crimson,244572
WDCGG0EB5EG364847,Buick,LeSabre,1990,Fuscia,Puce,34763
JH4CL96878C509565,Volvo,240,1992,Turquoise,Puce,173213
1G6YV36A485465761,Mazda,929,1993,Yellow,Yellow,51273
1N6AA0EK5FN865406,Kia,Optima,2011,Turquoise,Blue,269754
1FTMF1E82AF385416,Mazda,MX-3,1993,Orange,Red,66087
1GYEK63N45R439242,Toyota,Solara,2005,Mauv,Khaki,275629
1G6AX5S30F0712024,Pontiac,Grand Prix,1963,Aquamarine,Aquamarine,2346
SCBBP9ZA4CC650458,Kia,Sedona,2006,Pink,Red,116165
WAU4FAFR4CA068633,GMC,Yukon,1998,Blue,Aquamarine,237884
WBAGL83504D018652,Acura,TL,2006,Violet,Crimson,296343
WDCGG5GB6BF261495,Infiniti,QX56,2009,Goldenrod,Pink,138489
3C3CFFER4ET145675,Nissan,Datsun/Nissan Z-car,1990,Violet,Green,285023
WVGAV7AX1FW443625,Infiniti,FX,2005,Aquamarine,Green,318484
5UXZV4C56D0348266,Volkswagen,Eos,2011,Indigo,Red,315313
1G6YX36D395290229,Ford,Fusion,2009,Yellow,Indigo,113542
1FTNF2A51AE560976,Volkswagen,Eurovan,2000,Green,Red,63874
WA1LMBFE6AD425274,Scion,xA,2004,Mauv,Orange,162156
2C3CCAKG7EH957463,Pontiac,Firebird,1988,Aquamarine,Maroon,282745
3C4PDDDG7DT806329,Chevrolet,Astro,1999,Teal,Goldenrod,58338
JTDZN3EU4FJ837374,Chevrolet,Silverado 3500,2012,Teal,Teal,313141
3GYFNBEY3BS502268,GMC,Savana 2500,2007,Pink,Pink,216039
WBABD53414P746301,Ford,Taurus,1994,Yellow,Red,155680
1G6D05EGXA0254596,Chevrolet,Express 1500,2006,Goldenrod,Indigo,120479
1G6AC1R34F0317841,Toyota,RAV4,1999,Red,Blue,34136
SCFPDCGP3EG457215,Mercedes-Benz,SL-Class,1995,Blue,Red,170280
WBXPA73464W682147,Dodge,Intrepid,1997,Blue,Puce,160837
3GYEK62N36G115265,Lexus,LS,2005,Teal,Mauv,167918
WAUNF78PX6A479008,Suzuki,Swift,1992,Indigo,Purple,13783
19UUA75507A088596,Pontiac,Gemini,1989,Turquoise,Maroon,263670
3N1CN7AP4EK488679,Mazda,B-Series,1986,Puce,Indigo,93004
SAJWA1CB6BL694013,Subaru,XT,1991,Turquoise,Maroon,186199
WAUNF78P48A573064,GMC,Suburban 2500,1994,Turquoise,Green,40583
3FA6P0SU9FR397325,Chrysler,Town & Country,1999,Aquamarine,Goldenrod,137344
3N1AB6AP2CL366954,Infiniti,G37,2011,Turquoise,Fuscia,172734
5GAKRAKD0EJ696947,Acura,TL,1997,Crimson,Yellow,83476
2C3CDXCTXFH283645,Audi,A6,1995,Goldenrod,Pink,244088
WBA3R1C53EK902327,Volvo,C30,2011,Teal,Orange,102220
1N6AD0CW8EN162149,Hummer,H1,1996,Goldenrod,Aquamarine,177689
1G6DD67V480182942,Porsche,911,1986,Turquoise,Red,119131
WBAEP334X3P585647,Nissan,JUKE,2012,Yellow,Red,119826
WAURFAFR5DA252602,Ford,E-Series,1987,Khaki,Pink,164810
1FTEW1C8XAK920507,Mazda,Familia,1986,Fuscia,Maroon,252819
1G6DH1E32E0693439,Acura,RSX,2002,Violet,Crimson,53933
3VW1K7AJ2FM858507,Pontiac,G6,2010,Mauv,Indigo,175480
WVGAV3AX0EW944870,Hyundai,XG300,2001,Fuscia,Teal,187491
1FTNS1EW0AD985023,Chevrolet,Beretta,1995,Blue,Goldenrod,86266
1FTSW2A50AE243922,Jaguar,XJ Series,1998,Puce,Yellow,305677
3VW1K7AJ9DM834329,Ford,Five Hundred,2006,Teal,Blue,249835
3VWF17AT4FM621477,Ford,Contour,1999,Indigo,Khaki,251640
WAUSF98K39A233909,Hyundai,Tiburon,2004,Yellow,Goldenrod,125989
5GNRNJEE7A8816239,GMC,Rally Wagon G3500,1995,Orange,Blue,30593
5N1AT2MK1EC439048,Kia,Rio,2010,Orange,Aquamarine,95444
WAUML44E24N562316,Chevrolet,Beretta,1995,Aquamarine,Green,145103
SCFFDABE3CG574683,Infiniti,FX,2004,Goldenrod,Turquoise,48864
KMHGC4DD4CU005429,Chevrolet,Silverado,2003,Turquoise,Red,8926
3G5DB03E93S752898,Chevrolet,Express 2500,2004,Purple,Purple,245772
3VWJX7AJ8AM426112,GMC,Terrain,2011,Khaki,Green,37323
WBALM7C56EE717978,Mercedes-Benz,C-Class,1995,Maroon,Khaki,315745
WAUHF78P57A091893,Subaru,Outback,2004,Maroon,Khaki,29203
WDDNG7BB0AA426541,Lincoln,MKS,2013,Blue,Khaki,275959
1FTWW3B53AE168882,Volvo,S80,2012,Crimson,Aquamarine,210654
WAUWFAFR3CA705939,Mazda,Protege,2003,Pink,Green,227203
JN1CV6EK8FM762413,Mercury,Capri,1985,Goldenrod,Fuscia,228952
1GD322CG0EF461288,Lincoln,Continental Mark VII,1987,Pink,Goldenrod,53827
3C63D3EL3CG991837,Isuzu,Rodeo,1999,Fuscia,Aquamarine,168013
4T3BA3BB4DU834408,Ford,E350,2011,Pink,Violet,124506
1FAHP2DW3AG211216,Chevrolet,Silverado 1500,2006,Aquamarine,Puce,9078
SCFAD02A68G684457,Dodge,Ram 1500,2002,Turquoise,Maroon,237748
JM3TB2BA1D0689620,Mitsubishi,Eclipse,1997,Aquamarine,Red,242309
KL4CJHSB2FB785040,Pontiac,Sunbird,1991,Red,Red,74404
JN1BY0AR1AM214099,Maybach,Landaulet,2010,Khaki,Green,256589
3VWML7AJ0DM635177,Jeep,Patriot,2009,Violet,Aquamarine,303510
3VWKX7AJ8AM132083,Audi,A6,1999,Puce,Maroon,15828
WA1C8AFP7EA190603,Volvo,S70,1998,Green,Yellow,313799
JN1AZ4EH2DM052876,Dodge,Avenger,1997,Orange,Khaki,176779
1G6AS5S38E0051310,Toyota,Sienna,2010,Yellow,Fuscia,38779
1GYS4GEF5BR074705,Volkswagen,Passat,2012,Teal,Khaki,110264
WVWGU9ANXBE088580,Ferrari,612 Scaglietti,2006,Teal,Mauv,225615
1HGCR2E77DA359853,Subaru,Forester,2012,Aquamarine,Indigo,7108
3LN6L2G99DR763203,Volkswagen,Rabbit,2007,Blue,Aquamarine,33492
JTDKN3DUXB0932654,Dodge,Ram 2500,1994,Purple,Purple,24119
3D7TP2CT5AG937925,Buick,Riviera,1991,Mauv,Purple,256516
WA1CGCFE4BD101190,GMC,Savana 2500,2006,Indigo,Violet,16800
4A4AP3AU6DE212244,Mercedes-Benz,E-Class,1991,Puce,Turquoise,183419
2T3BF4DV9AW829005,Ford,Windstar,2003,Red,Violet,266728
WAUDF78E08A108128,Pontiac,Solstice,2008,Crimson,Crimson,145204
3C4PDCDGXCT972594,Mazda,323,1992,Turquoise,Aquamarine,16064
KNDPB3A23B7842884,Kia,Optima,2010,Aquamarine,Yellow,275850
1C4RDJDG8DC007131,Dodge,Ram 2500,2009,Blue,Red,157570
JTHDU1EF1B5936903,Volkswagen,GTI,2012,Aquamarine,Purple,53969
WVGAV7AX9FW540183,Mitsubishi,Montero Sport,1999,Red,Indigo,34907
WBAVA335X8P999416,Ford,Focus,2009,Puce,Goldenrod,72768
1G6DU6EV0A0476346,Mitsubishi,Pajero,2001,Teal,Maroon,18534
WAUAFAFL9AA812397,Plymouth,Laser,1992,Aquamarine,Indigo,187783
SCFFDCBD8CG624576,Volvo,V70,2003,Maroon,Green,271982
2C3CDXDT7DH188214,Chevrolet,3500,1995,Khaki,Turquoise,63749
JN8AE2KP0B9427239,BMW,X5,2012,Mauv,Aquamarine,322131
YV4952CY1E1397383,Audi,A6,2005,Purple,Indigo,7445
WVWAP7AN9EE642794,Geo,Metro,1993,Khaki,Crimson,78486
1G4GE5GV6AF876743,Jeep,Liberty,2009,Teal,Maroon,302098
2B3CJ4DV2AH620306,Oldsmobile,98,1992,Green,Turquoise,223785
WVWBN7AN7FE907725,Pontiac,LeMans,1993,Yellow,Khaki,64801
3C6JD7EP9CG115453,Kia,Spectra,2001,Turquoise,Khaki,254047
WA1CGAFE4DD790591,Chevrolet,Lumina,2001,Turquoise,Blue,27869
WAUDT48H05K271112,Acura,MDX,2001,Teal,Puce,188262
WBADT53482C422195,Ford,Windstar,2002,Green,Khaki,189198
1GD01ZCG9DF506483,Maserati,Quattroporte,2007,Green,Violet,288331
1N6AA0CC5FN553890,Audi,200,1990,Purple,Yellow,106692
5N1AT2ML2FC567583,Volvo,V40,2001,Violet,Yellow,102327
WDDJK7DA8FF079939,Acura,RL,2004,Turquoise,Orange,28413
1G6KY54901U761261,Lexus,SC,2002,Orange,Blue,198528
2T1BU4EE1DC495717,Dodge,Avenger,1997,Indigo,Orange,292401
19VDE2E5XDE526483,Toyota,Matrix,2011,Orange,Mauv,134918
JM1NC2EF3A0297644,Jeep,Grand Cherokee,2009,Red,Fuscia,186680
5N1AZ2MG1FN220283,Ford,Econoline E250,2000,Crimson,Orange,39577
2T1BU4EE1CC090116,Ford,Mustang,1996,Aquamarine,Purple,192146
1N4AB7AP3DN890348,Kia,Carens,2008,Aquamarine,Teal,137081
1GKS1AE08ER398246,Toyota,Camry,1994,Turquoise,Red,222248
WA1TFAFL7EA782148,Ferrari,458 Italia,2010,Blue,Goldenrod,288268
1GYUCFEJ4AR808100,Toyota,Supra,1992,Khaki,Yellow,103004
YV126MFD3F1745234,Toyota,T100,1993,Goldenrod,Green,106503
1GD02ZCG8EF240498,Subaru,Brat,1987,Teal,Indigo,14141
3FAHP0KC4AR473865,Mazda,MPV,2000,Orange,Puce,122085
3C63DPBL1CG367031,GMC,Savana 2500,2000,Indigo,Puce,156206
5XYKT3A19CG758068,Mercedes-Benz,SL-Class,1991,Red,Pink,143497
WBADS43493G611803,Acura,SLX,1998,Yellow,Puce,71147
WBALL5C50FP170560,Volkswagen,GTI,1995,Blue,Khaki,167102
5TFBW5F10DX357101,Mazda,RX-7,1983,Mauv,Turquoise,241634
JN1CV6FE3EM548713,Porsche,Boxster,1998,Turquoise,Aquamarine,84164
JH4NA21653T349917,Oldsmobile,Aurora,1999,Orange,Khaki,3199
JH4CU4F62DC566166,BMW,6 Series,2006,Turquoise,Goldenrod,294797
1G4GC5G39FF692585,Mitsubishi,Galant,1996,Green,Crimson,225737
WAUDL74F85N557813,Subaru,Impreza,2004,Aquamarine,Teal,218708
SALVP2BG4EH883951,Jaguar,XJ Series,1994,Violet,Pink,66681
5FRYD4H28GB420989,Saturn,Aura,2009,Khaki,Turquoise,196823
3FA6P0SU4DR233025,Mercedes-Benz,SL-Class,1988,Turquoise,Fuscia,300454
3D7TP2CT0AG921924,Mercury,Mystique,1997,Aquamarine,Khaki,217531
WAUUFAFH0BN908017,Spyker,C8 Double 12 S,2006,Aquamarine,Teal,41197
5UXFG4C57AL128786,Hyundai,Elantra,2012,Violet,Indigo,175225
WAUBH78E07A173626,Ford,Thunderbird,2005,Green,Orange,132887
JM1DE1KY0E0092522,BMW,Z8,2002,Teal,Yellow,26426
WBABS53452E662903,Hyundai,Scoupe,1992,Purple,Indigo,227832
1G6DP5EV2A0238919,Mazda,MX-6,1995,Teal,Aquamarine,268126
1G6AX5SX4E0035433,Buick,Regal,1996,Violet,Fuscia,28397
1ZVBP8JS7B5476459,Honda,CR-V,1997,Blue,Aquamarine,156786
2C3CCAPG2DH212739,Toyota,Camry Hybrid,2007,Yellow,Green,204260
1FTWX3B50AE780924,Toyota,Supra,1993,Red,Red,222220
WAUEF78E76A641532,Audi,S4,2001,Orange,Green,99403
1FMEU8FE9AU916125,GMC,Savana 3500,2009,Red,Maroon,298694
JTEBU5JR0E5804361,Chevrolet,Beretta,1995,Green,Red,214012
WDCYC3HF2DX761303,Suzuki,XL7,2009,Fuscia,Purple,3249
19UUA66294A437765,Mitsubishi,Outlander,2010,Turquoise,Red,163212
1VWAH7A37EC015385,Dodge,Neon,2004,Blue,Orange,65664
WA1WMBFE8CD187203,Toyota,TundraMax,2011,Blue,Khaki,312559
WA1DKAFP9CA361595,Toyota,Matrix,2010,Khaki,Orange,176518
137ZA84381E249788,Renault,Alliance,1983,Maroon,Blue,152236
1GD11ZCG5BF491269,Kia,Borrego,2009,Green,Blue,238133
2T2BK1BAXCC719356,Acura,NSX,2002,Red,Yellow,47809
2FMDK4KC2AB828909,Mazda,Miata MX-5,2001,Maroon,Maroon,264374
WBAYE0C58ED744809,Ford,Fusion,2011,Purple,Aquamarine,308584
1FTEW1C89AK108390,Mitsubishi,Chariot,1996,Khaki,Goldenrod,73037
JTEBU4BF3DK869641,Bentley,Arnage,2006,Turquoise,Yellow,178627
3D7TP2CT2AG624525,Volkswagen,Type 2,1987,Orange,Red,196024
1G6AJ5S39F0517850,Mitsubishi,Outlander,2012,Aquamarine,Violet,100606
1GTN1TEH6EZ698104,Chevrolet,Silverado 3500,2010,Blue,Turquoise,15289
1G6AZ5S38E0102946,Saab,9-3,2002,Maroon,Indigo,150994
YV4902BZ8C1991877,Buick,Century,1990,Orange,Fuscia,242638
JN1CV6EK4CM108603,Lotus,Esprit,1998,Aquamarine,Crimson,300981
1G4GC5GG2AF367594,Mazda,B-Series,1988,Fuscia,Crimson,219008
WAUKF78E77A199615,GMC,Savana 1500,1998,Purple,Red,108378
1GD21ZCG3CZ820278,Jeep,Wrangler,2009,Mauv,Violet,303754
19UUA75667A238770,Buick,Regal,1988,Teal,Crimson,297028
3MZBM1K70FM895778,Mitsubishi,Cordia,1984,Green,Goldenrod,20168
5N1AA0NE0EN520209,Dodge,Ram,1994,Orange,Maroon,36930
3N1BC1AP5AL581715,Dodge,Ram 2500,1997,Purple,Fuscia,196086
WDDHH8HB5BA267346,Chrysler,Town & Country,2006,Purple,Mauv,208481
1G4HP54K13U759692,Ford,Bronco,1988,Mauv,Indigo,38312
WBAEV53494K438428,Volkswagen,Golf,2001,Mauv,Red,168462
WAUJGBFC3DN397965,Chevrolet,Caprice,1996,Green,Orange,10654
JTHBF1D23F5053066,Oldsmobile,Silhouette,2000,Indigo,Indigo,271119
3N1CN7AP5FL869873,BMW,5 Series,1999,Green,Blue,258685
1YVHZ8BA9A5515350,BMW,750,2006,Purple,Indigo,246380
2FMHK6CC6AB984477,Ford,Crown Victoria,2006,Puce,Turquoise,83178
19VDE1F70FE951336,Porsche,Cayman,2008,Puce,Crimson,294921
1D7CW3BK5AS019702,Isuzu,i-290,2008,Goldenrod,Red,310881
JTHBE5C20A2768277,Chevrolet,Silverado 2500,2012,Fuscia,Turquoise,120693
1G6KE54Y83U301929,Volkswagen,Golf,2006,Aquamarine,Violet,268148
1GYS4FEJ1BR088146,Volvo,S60,2001,Mauv,Aquamarine,303945
WBANE53587C141545,Mazda,MX-5,2004,Mauv,Orange,154734
WAUFEAFM9DA696298,Infiniti,FX,2005,Pink,Red,165359
WAUJC68E55A936466,Saturn,VUE,2009,Crimson,Turquoise,255829
5YMGZ0C53E0747795,Mitsubishi,Eclipse,1994,Turquoise,Pink,211711
WAUHMBFC7EN518845,BMW,530,2006,Crimson,Pink,187148
WBA3B3G58FN952473,Mazda,RX-7,1991,Orange,Aquamarine,104136
JM3TB2BV5D0198485,Acura,Integra,1994,Indigo,Turquoise,58779
1GYFC43599R852088,Chevrolet,Malibu,2008,Violet,Khaki,220486
3VW467AT3DM591846,Chevrolet,Suburban 1500,1998,Green,Maroon,244952
2C3CA6CT3BH181830,Pontiac,LeMans,1964,Goldenrod,Red,63118
1C3CCBAG6EN675264,Volkswagen,Golf,1992,Fuscia,Pink,193239
1GYS3BEF9BR157611,Cadillac,DTS,2010,Blue,Goldenrod,72015
JN1CV6EKXCM886663,Nissan,Rogue,2009,Goldenrod,Maroon,5195
WAULV94E68N583419,Buick,Century,2002,Pink,Blue,35533
WBAYB6C52DD791117,Dodge,Dakota Club,1992,Pink,Violet,223772
1G4HF57998U976412,Plymouth,Voyager,2000,Mauv,Pink,188624
1FTEW1C87AK885585,Mercury,Sable,1997,Orange,Teal,290831
JTHBE5C26C5020716,Mercury,Sable,1997,Green,Purple,94855
3C4PDCAB3FT588914,Bentley,Azure,2008,Red,Pink,18418
WAUEH98E27A701675,Audi,S8,2008,Teal,Orange,228500
SCFEBBAK6BG156342,Dodge,Grand Caravan,2011,Indigo,Maroon,120577
WA1LYBFE8AD954830,Saab,9-3,2005,Green,Indigo,179002
3GYFK66N36G022535,Audi,S4,1993,Blue,Red,214959
3C6TD5FT8CG644403,Oldsmobile,Cutlass,1997,Maroon,Purple,201990
3D7TT2CTXBG463371,Lexus,GS,2010,Fuscia,Aquamarine,102090
1ZVBP8AM9D5043312,Volvo,S40,2004,Indigo,Puce,176056
1C4RDHDG4DC769106,Pontiac,Firebird,1994,Khaki,Turquoise,287759
SCFBF04B07G614939,Chevrolet,G-Series G20,1995,Crimson,Green,243798
1G4HE57Y38U105578,Mazda,RX-7,1987,Goldenrod,Purple,220750
1GYS3AEF3BR136439,Audi,S4,2004,Maroon,Green,305629
19XFB2E27CE634203,Chrysler,PT Cruiser,2001,Blue,Aquamarine,78406
JN8AS5MT9AW832827,Nissan,Frontier,2011,Goldenrod,Orange,3228
2C3CK3CV4AH512846,Porsche,911,2008,Mauv,Aquamarine,67792
1G4HE57Y38U760260,Maserati,Spyder,1989,Khaki,Pink,13297
2FMDK3GC7BB745383,Cadillac,DTS,2011,Turquoise,Teal,212464
WBA3T1C51FP760968,Mercury,Marquis,1985,Pink,Goldenrod,104350
5UXFH0C55BL454304,Honda,Civic,2006,Goldenrod,Purple,246871
SALAG2D48CA656222,Nissan,Titan,2004,Pink,Aquamarine,97752
YV1612FS2E2830206,Ford,E350,2011,Blue,Pink,318435
WAUAFAFH9AN794004,Toyota,Sienna,2000,Aquamarine,Red,290368
1FTEW1CF0FK156091,Bentley,Brooklands,2010,Maroon,Indigo,164576
3C63DPNL2CG979394,Lexus,SC,2002,Khaki,Violet,35198
WA1VMAFEXBD181598,Ford,E-Series,1991,Pink,Goldenrod,271275
4USBT53464L462704,Nissan,Frontier,2011,Orange,Turquoise,11725
1N6BF0KL0FN723757,Honda,Odyssey,2010,Indigo,Goldenrod,7666
WAUKFBFL3EA071857,Ford,Tempo,1988,Maroon,Orange,125159
3VWML7AJ1DM040600,Oldsmobile,98,1993,Puce,Turquoise,308740
3VWML7AJ2DM322793,Ford,Bronco II,1985,Puce,Yellow,101299
WAUSGCFC8CN056313,Volkswagen,GTI,1986,Orange,Purple,232607
JM1CR2W39A0482016,Subaru,Forester,2000,Purple,Aquamarine,253345
2C4JRGAG8ER825991,Lexus,GX,2010,Maroon,Maroon,1948
WP0AB2A82FK301364,Ford,Mustang,1985,Teal,Red,197592
1G4GL5E3XCF809184,Ford,Mustang,2002,Blue,Orange,316326
3D7JV1EP0AG224681,Subaru,SVX,1996,Violet,Red,222951
WBASP4C56BC075769,Acura,TL,1996,Purple,Turquoise,162488
WAUKH78E17A249600,Volvo,XC90,2005,Purple,Orange,102804
WVWAB7AJ1CW752984,Audi,4000s,1986,Crimson,Indigo,15719
WBS3U9C50FJ498984,Ford,Freestyle,2007,Crimson,Maroon,198326
WBAPN735X9A710656,Buick,Regal,2004,Goldenrod,Maroon,71671
WAUHF78PX9A037251,BMW,X6,2012,Indigo,Puce,152403
WAUVT64B24N443039,Dodge,Neon,2001,Teal,Blue,208782
1G6DJ5EVXA0628314,Chrysler,LHS,1996,Goldenrod,Turquoise,105649
WBAYE8C56FD253154,Mercedes-Benz,G-Class,2006,Indigo,Puce,175649
1G6AH5SX2E0826489,Honda,Insight,2000,Turquoise,Pink,19295
KNAGG4A86A5565103,Hyundai,Tiburon,1999,Puce,Green,234453
WA1DKBFP9BA197799,Saab,900,1993,Fuscia,Violet,183030
3C3CFFDR5FT014628,Honda,Prelude,1993,Turquoise,Goldenrod,102974
1GYS4MKJXFR213644,Kia,Rio,2005,Turquoise,Aquamarine,262916
WAUNF98P78A554102,Audi,4000s,1985,Maroon,Turquoise,278930
3VW517AT5EM562739,Lexus,RX Hybrid,2007,Goldenrod,Maroon,282224
1GYEE637360063079,Lexus,SC,1995,Khaki,Green,313351
WAUBNBFB7AN129465,GMC,Savana 1500,2006,Orange,Goldenrod,95269
1FTEX1C80AK724363,Bentley,Continental GT,2008,Violet,Aquamarine,9005
WAUNF78P27A568928,Mitsubishi,Montero,1993,Teal,Yellow,200920
2C3CCAKG4DH204732,Pontiac,Grand Am,1988,Mauv,Indigo,206592
5GADV33L46D807487,Maserati,228,1989,Green,Crimson,77216
1GYS3JEFXDR116532,Mazda,MX-3,1996,Crimson,Green,281882
WAUAF78E67A901774,Ford,F-Series,1989,Fuscia,Purple,6391
2G4WB52K911156264,Acura,RDX,2010,Aquamarine,Fuscia,74207
1FMCU5K32AK483267,Audi,Allroad,2002,Yellow,Goldenrod,294854
WA1YD54B73N803941,Ford,Thunderbird,2006,Khaki,Khaki,64308
SCFFDABE4CG320383,Porsche,944,1988,Purple,Red,217828
3LN6L2G91ER511799,Ford,F-Series,2008,Pink,Orange,252028
1FTWF3B55AE663245,Buick,Electra,1984,Blue,Turquoise,96156
5UXWX7C58EL952562,Mercedes-Benz,500SL,1992,Teal,Puce,40524
YV4940BZ6D1975915,Pontiac,Bonneville,1991,Blue,Orange,75985
WAUKFBFL0BA565993,Dodge,Ram 1500,2010,Red,Green,213304
1FTEX1C89AF120710,Subaru,Alcyone SVX,1996,Indigo,Mauv,233211
1GKS1HE03ER805446,Toyota,T100,1994,Teal,Puce,232973
1N6AA0CH6EN023583,Buick,Century,1999,Goldenrod,Teal,67305
1G6AF5S36D0334338,Chevrolet,Silverado 3500,2009,Yellow,Purple,124424
WBAFU9C59DD689297,Lotus,Esprit,1990,Crimson,Orange,217581
2C4RDGBG3FR821400,BMW,7 Series,2008,Aquamarine,Khaki,19598
WA1BV74L17D979791,Suzuki,Grand Vitara,2009,Maroon,Turquoise,15658
1G6DJ1E3XC0630851,Infiniti,I,1998,Puce,Pink,22249
3VW517AT1FM607628,Audi,Coupe GT,1987,Goldenrod,Maroon,108187
3D73Y4HLXBG792383,Saturn,Relay,2006,Indigo,Green,316366
WAUMF98P86A011382,Lexus,LX,2004,Puce,Green,89191
WBANB53576C829897,Volkswagen,Jetta,1998,Turquoise,Purple,299950
WAUDGAFL8AA463887,Volkswagen,Golf,2004,Blue,Orange,316159
1G6DN57S150698345,Ford,Crown Victoria,2003,Khaki,Violet,278454
1G6KE57Y83U219310,Toyota,Tacoma,2001,Indigo,Blue,28118
WBALZ3C57CD555419,Dodge,Ram 3500,2004,Red,Maroon,212192
1YVHZ8BH9A5317185,Honda,S2000,2006,Aquamarine,Crimson,82076
WVWAB7AJ9DW242111,Saab,900,1992,Orange,Yellow,247907
NM0KS9BN9DT197350,Audi,TT,2008,Pink,Teal,232148
SCBZB25E31C360836,Suzuki,Aerio,2006,Mauv,Khaki,297975
1D7CE3BK9AS911891,Hyundai,Tucson,2005,Yellow,Maroon,201463
WAUDK78T28A184573,Suzuki,Kizashi,2012,Green,Red,9720
WAUHF98P79A473518,Toyota,Camry,1998,Maroon,Turquoise,95012
1D7RV1CPXBS623971,Audi,A8,1998,Fuscia,Crimson,102420
3D7JB1EK2BG446721,Nissan,200SX,1996,Crimson,Fuscia,116231
SCBGU3ZA9EC957235,Toyota,Tundra,2001,Orange,Teal,144753
WBAKA4C5XCD705418,Mercury,Grand Marquis,1993,Yellow,Red,216178
2C3CCAGG9FH085216,Hyundai,XG350,2002,Mauv,Puce,237421
1G6DG8EG6A0685966,Dodge,Ram Van 3500,2000,Crimson,Khaki,13626
JTHBL5EF4F5925076,Mercury,Marquis,1986,Khaki,Orange,21409
WUATNAFG0BN378238,Mazda,Familia,1992,Red,Aquamarine,87182
1G6AE5S33D0895776,Toyota,MR2,1987,Mauv,Goldenrod,140238
WAUKF78E28A572447,Lincoln,Continental Mark VII,1989,Maroon,Crimson,130258
3N1CN7AP0FL841611,Mazda,B2000,1985,Purple,Khaki,215978
WBAGN83474D722445,Kia,Sedona,2011,Turquoise,Teal,144929
1G6KE54Y23U968799,Volkswagen,New Beetle,2007,Puce,Goldenrod,25184
1G6AB5RXXE0866911,Volvo,S60,2010,Teal,Mauv,118729
4T1BF1FK4EU962254,Ford,Focus,2004,Pink,Pink,180842
JTHKD5BH2B2738837,BMW,7 Series,2003,Purple,Green,211811
1G6AB5RX1E0390029,Cadillac,Eldorado,1992,Pink,Violet,319517
JHMZF1D41ES177840,Mazda,RX-8,2004,Red,Orange,149675
1HGCR6F37EA904888,Chevrolet,Suburban 2500,1995,Goldenrod,Turquoise,88193
WBALZ5C52CD450735,Bentley,Continental,2009,Crimson,Blue,303177
5UXFF03569L833277,Chrysler,Concorde,1996,Yellow,Aquamarine,276687
3VWML7AJ5CM652894,Suzuki,XL-7,2006,Violet,Indigo,231550
WDDPK4HA6EF701827,Hyundai,Azera,2012,Yellow,Orange,317405
1C6RD7JTXCS662777,Nissan,350Z,2007,Purple,Maroon,122541
WAUVT58E74A649317,Ford,LTD,1985,Aquamarine,Khaki,252154
WA1LMAFE6DD625697,Chevrolet,3500,1999,Pink,Goldenrod,89769
JH4DC53885S683342,BMW,X5,2000,Orange,Crimson,14512
5FRYD3H46FB048966,Isuzu,Ascender,2006,Crimson,Blue,225119
5N1AA0NE5EN035483,Chevrolet,Colorado,2006,Yellow,Blue,38174
1FTEX1CM8DK228034,Mercedes-Benz,M-Class,2006,Violet,Khaki,138251
4T1BF1FK2DU169825,Toyota,Celica,2001,Blue,Aquamarine,29887
YV1672MK4D2311058,Kia,Sorento,2005,Crimson,Mauv,205768
3D7TT2CT8AG402289,Volvo,V90,1998,Maroon,Puce,98803
WAUKG98E76A465609,Chevrolet,Express,2012,Orange,Indigo,87410
JN1BY1AP7FM879665,Dodge,Ram Van B350,1993,Turquoise,Blue,41182
SCBZK25E83C063824,Suzuki,SX4,2011,Violet,Aquamarine,294593
1G6DK8E36D0719257,Subaru,Impreza,1996,Teal,Purple,106853
5NPE24AF2FH177638,Suzuki,Aerio,2005,Yellow,Yellow,91499
JTHBL1EF7A5632841,Volkswagen,R32,2009,Fuscia,Aquamarine,45287
WAUDFAFL7DN430265,Ford,Freestar,2004,Turquoise,Crimson,103840
WBAXH5C56DD978476,Mercedes-Benz,SL-Class,2006,Red,Maroon,271938
1GYEE437890132258,Audi,A4,2001,Green,Puce,321804
1G4GH5G31CF191039,Mercury,Mystique,1995,Purple,Fuscia,214952
2FMDK3AK0EB033236,Porsche,Boxster,2009,Indigo,Aquamarine,27662
2C3CDXDTXEH867749,Ford,LTD Crown Victoria,1985,Mauv,Indigo,208257
JN1CV6FE5BM256704,Volvo,S70,2000,Mauv,Turquoise,61571
SALAB2V66EA420346,Volkswagen,Eos,2010,Purple,Pink,255428
WBAEN33463P613403,Chevrolet,1500,1996,Violet,Mauv,93878
WAUJC68E33A518145,Toyota,Camry,1998,Orange,Khaki,53708
1N6AF0LX1FN365355,Suzuki,SJ,1993,Pink,Puce,123082
SCFAB01E19G842179,Suzuki,Esteem,2000,Green,Orange,30656
WAULF78K49N942995,Hummer,H1,1993,Fuscia,Indigo,288391
WA1LKAFP1AA952531,Pontiac,Firebird,1988,Orange,Maroon,323753
3D73M3HL7BG868681,BMW,760,2003,Turquoise,Fuscia,195709
KM8JT3AB0CU439768,Cadillac,CTS,2012,Yellow,Maroon,208847
WAUEH98E46A315449,Ford,Escort,1990,Teal,Turquoise,224754
WBANV13529C998097,Toyota,Solara,2002,Green,Orange,19199
WBADT63441C958050,Aston Martin,Virage,2011,Aquamarine,Goldenrod,143523
1G4GJ5G32DF368638,Dodge,Ram 1500,1999,Green,Teal,188926
WAUDF48H17K235987,Kia,Sorento,2009,Yellow,Pink,148003
WBA3V7C50FP693728,Honda,del Sol,1994,Yellow,Pink,155420
WAUJT64B24N305113,Mitsubishi,Mirage,1984,Crimson,Indigo,187546
2C3CCAGG3DH013022,BMW,3 Series,1997,Goldenrod,Teal,319338
WAUUL98E38A209765,Nissan,Pathfinder,1992,Red,Blue,260578
WAUKD78P87A274734,Nissan,Altima,2002,Goldenrod,Fuscia,220411
4T1BF1FK5EU102914,Jeep,Liberty,2008,Green,Blue,311251
4T1BF1FK8EU968820,Nissan,Versa,2007,Fuscia,Purple,31311
WAUDF98E95A620798,Honda,Civic,2006,Aquamarine,Crimson,126862
5TDBK3EH7DS691405,Subaru,Alcyone SVX,1997,Green,Pink,228141
1G6DL67A180322736,Chevrolet,Equinox,2008,Khaki,Teal,177062
KNADH5A3XA6844333,BMW,530,2004,Violet,Blue,165037
WVGEG9BP7CD740850,Jeep,Grand Cherokee,1996,Goldenrod,Orange,238584
3N1CN7AP6EK233564,Mercedes-Benz,C-Class,2003,Fuscia,Pink,316774
WUARL48H09K572724,Pontiac,GTO,1966,Maroon,Puce,11957
YV1902AHXB1911354,Ford,Courier,1989,Crimson,Green,232227
WAUMF78P96A116825,Plymouth,Volare,1976,Mauv,Mauv,124129
SCBZB25E62C576083,Mercury,Sable,2004,Pink,Green,7857
1B3CC5FB8AN834629,Mitsubishi,Eclipse,1996,Puce,Khaki,201688
WBAUP73588V350548,Volvo,XC90,2013,Orange,Khaki,162919
KNALN4D78E5815356,Chevrolet,Venture,2004,Green,Goldenrod,252937
1G6AR5SXXE0309096,Mazda,929,1987,Red,Purple,288109
1FTKR1AD4BP023441,Land Rover,Freelander,2005,Khaki,Puce,138162
1FMCU5K39AK235582,Isuzu,Amigo,1992,Fuscia,Crimson,281887
3GYEK62N76G623173,Buick,Regal,2002,Puce,Pink,111029
JN8AF5MR5FT110062,Ford,Crown Victoria,2006,Orange,Mauv,88024
5J6YH1H38AL426786,Jaguar,XF,2010,Puce,Turquoise,179756
JTEBU4BF0BK438820,Chevrolet,Impala SS,1994,Goldenrod,Yellow,169480
2T1BPRHEXEC807244,Volvo,C70,2009,Blue,Red,167113
2HNYD28279H071157,Toyota,Venza,2009,Goldenrod,Orange,109937
1G6AB5S33E0231861,Ford,Taurus,1999,Turquoise,Turquoise,256798
1G6AR5S32F0265254,Mitsubishi,Tredia,1985,Red,Red,159974
3C63D3FL8CG418642,Ford,Aerostar,1996,Blue,Fuscia,324616
1GYS3KEFXDR011026,Toyota,Avalon,2000,Violet,Puce,93519
1G6KD5EY5AU154791,Saturn,L-Series,2003,Purple,Teal,183254
1G6AB5RA1E0656807,Plymouth,Laser,1989,Goldenrod,Turquoise,109514
WAUGF98K39A708447,Mazda,626,1998,Blue,Blue,101559
3N1AB7AP3FL550942,Mitsubishi,Diamante,1994,Maroon,Pink,138550
1FTEX1CMXBF909446,Mazda,Protege5,2002,Red,Red,57822
1GYEE637790941813,Mazda,B-Series Plus,1997,Goldenrod,Indigo,101184
1G4CW54K334384479,Suzuki,Daewoo Lacetti,2004,Red,Purple,139673
WDDHF5KB2FB088291,Suzuki,Vitara,2001,Puce,Red,220374
WAUFFAFL6BA462556,Volkswagen,Cabriolet,1985,Mauv,Crimson,140481
5J8TB18277A219014,Pontiac,Sunfire,2003,Yellow,Teal,54052
KNAFK4A60E5401991,Dodge,Avenger,1997,Violet,Blue,159469
WA1WKBFP8BA277636,Ford,Taurus X,2009,Pink,Yellow,261988
2HNYD18236H970989,Mitsubishi,Chariot,1988,Blue,Green,250895
1GYFK56239R013600,Lexus,GX,2011,Teal,Yellow,88807
WDDHF5KBXEA164988,Ford,Freestar,2005,Purple,Maroon,82271
WBAUL7C53AV840865,Honda,Civic,1988,Maroon,Turquoise,166790
WAUDGBFL3BA663549,Toyota,MR2,2003,Orange,Puce,39014
19UUA8F27AA061820,Subaru,Leone,1985,Goldenrod,Crimson,303431
WAUAH74F99N558723,GMC,Vandura 2500,1994,Indigo,Goldenrod,18873
WAUAF48H78K656648,Mazda,Mazda3,2011,Puce,Fuscia,153795
1G6DU6EV0A0416471,Volkswagen,Rabbit,2008,Teal,Aquamarine,159311
5J8TB4H39DL019231,Oldsmobile,Silhouette,2002,Orange,Purple,174078
WBAEP33453P204416,Mitsubishi,Pajero,1989,Aquamarine,Maroon,217721
1G4HP57277U367639,Nissan,Altima,2007,Puce,Mauv,160340
JN8AZ1MU1AW659723,Chevrolet,Silverado 2500,2002,Indigo,Fuscia,211276
1GYS4CEF5DR948451,Suzuki,SJ,1995,Teal,Maroon,275547
JN8AF5MR2ET092537,Chevrolet,S10,2004,Crimson,Crimson,273527
SCFHDDBT6EG494158,Subaru,Legacy,2005,Crimson,Khaki,144440
WVWED7AJXDW660205,Buick,Coachbuilder,1995,Puce,Pink,95578
1G6DP1ED6B0686503,Ford,Freestar,2006,Turquoise,Green,70194
WAUEF98E57A386277,Chevrolet,Impala,2009,Green,Orange,246314
1N6AA0CC6BN138698,Pontiac,Grand Prix,1978,Crimson,Maroon,294605
JN1CV6EK5BM980514,BMW,X5,2003,Teal,Puce,34538
1FMJU1H58AE298826,Kia,Borrego,2009,Fuscia,Indigo,239093
5J6TF2H57EL566941,Pontiac,Grand Prix,1969,Turquoise,Violet,68164
WA1UFAFL9EA438535,Ford,E-Series,2011,Fuscia,Teal,297035
JHMGE8G3XBC823632,Cadillac,Escalade,2002,Maroon,Turquoise,91449
WBAUC7C55AV499209,Kia,Rio,2012,Red,Puce,315502
ZHWGU5BZ2AL522437,Mitsubishi,Outlander Sport,2011,Aquamarine,Purple,53436
1FTWX3B51AE423851,BMW,M3,2011,Teal,Goldenrod,253104
4USDU53437L120766,Mazda,Navajo,1993,Teal,Purple,116861
1N4AL2AP1CN847271,Subaru,Legacy,2002,Turquoise,Puce,281798
WBABS33483J423830,Ford,Bronco,1988,Red,Khaki,168672
WP0AA2A91DS833665,Volkswagen,Tiguan,2011,Crimson,Crimson,57337
YV126MEBXF1999815,Hummer,H1,2003,Orange,Maroon,67763
3GYT4MEF7BG437024,Honda,Element,2003,Green,Blue,170548
WAULC58E35A302981,Volkswagen,Passat,1993,Pink,Turquoise,133703
WA1YD64BX5N423274,Chrysler,Cirrus,1996,Indigo,Orange,292290
3D4PG9FG6BT588109,Ford,Tempo,1993,Mauv,Indigo,290426
1YVHZ8BH5A5664593,Infiniti,JX,2013,Purple,Maroon,314157
SCBFT7ZA4DC472389,Ferrari,612 Scaglietti,2008,Indigo,Teal,21811
WAUDG98EX5A155123,Porsche,944,1985,Maroon,Turquoise,293780
SAJWA4DC4AM894745,Buick,Riviera,1992,Blue,Puce,162762
SALAK2V65FA171166,Volkswagen,Jetta III,1995,Pink,Crimson,238421
WBAYE4C51FD267844,Chrysler,300,2011,Aquamarine,Goldenrod,153250
2G4WF551121155571,Jeep,Commander,2006,Yellow,Purple,194378
1FADP5CU3FL981835,Volkswagen,Golf,2005,Violet,Pink,257693
SCBZK25E03C304887,Mitsubishi,Eclipse,1990,Indigo,Maroon,284839
SCFAD02A25G188776,Ford,Explorer,2008,Mauv,Pink,317864
1G6AL5S3XD0197896,Honda,Accord,1997,Orange,Mauv,248535
5J6TF1H5XDL247817,Volvo,V70,2000,Green,Mauv,271635
WAUCFAFH4AN158258,Volkswagen,Vanagon,1984,Yellow,Goldenrod,116613
5NPEB4AC2DH668066,Chevrolet,Lumina APV,1992,Turquoise,Red,61409
3VWKP7AJXEM610185,Toyota,Tercel,1994,Indigo,Puce,61401
WBAWC73518E454660,Suzuki,Equator,2010,Turquoise,Green,82961
1G6DS8E34D0482591,Mazda,MPV,2005,Violet,Mauv,33885
2C3CDXJG8DH573272,Ford,Explorer Sport Trac,2002,Khaki,Crimson,37848
JH4NA12695S119170,Chevrolet,Aveo,2008,Violet,Violet,203224
WAUAC68D31A495860,Chrysler,Town & Country,2000,Orange,Mauv,229028
JN8AZ1MU3EW397256,Nissan,Sentra,2008,Maroon,Aquamarine,108450
2G4GX5GV8B9814183,Plymouth,Grand Voyager,1998,Turquoise,Orange,32020
WAUGL98E17A526200,Toyota,Tacoma Xtra,2000,Maroon,Yellow,70344
WBABW53406P030115,Chevrolet,Suburban 1500,2004,Pink,Blue,202821
1N6AA0EC9FN248244,Chevrolet,S10,1997,Mauv,Aquamarine,302057
KNAGM4AD8B5761423,Audi,S4,1992,Purple,Puce,172404
19UUB3F50FA831132,Ford,Tempo,1987,Crimson,Khaki,261700
WBAWC73599E460885,Pontiac,Firebird,1968,Violet,Orange,129646
WAUCF78K69N461307,Maserati,228,1989,Fuscia,Purple,306365
WAUCFAFR6CA525924,Dodge,Intrepid,2003,Red,Blue,200940
WBABD53414P121736,Mitsubishi,Galant,1985,Aquamarine,Yellow,34084
19UUA65584A020116,Ford,Excursion,2003,Orange,Aquamarine,101968
SCFHDDBT7EG952323,Chevrolet,Tahoe,1999,Mauv,Maroon,52583
1G6DV5EP2D0624848,Ferrari,612 Scaglietti,2009,Green,Mauv,298674
WBAGN634X2D591674,Toyota,Tundra,2001,Khaki,Red,238457
JTHKD5BH2F2269657,Mercedes-Benz,E-Class,2010,Puce,Red,275214
WBA6B2C56FD747933,Dodge,Charger,2009,Teal,Turquoise,28206
WAUKFBFL5AA417479,Audi,Cabriolet,1996,Puce,Mauv,6161
WAUMK78K29A095966,Cadillac,Catera,1997,Goldenrod,Green,196102
SCBCR73W77C982293,Pontiac,GTO,1966,Maroon,Aquamarine,122338
1G4GH5E32CF595177,Volkswagen,Cabriolet,1988,Puce,Violet,302206
1G6DJ577580711769,Dodge,Dakota Club,1998,Teal,Turquoise,309944
5N1AR1NB7AC399317,Tesla,Roadster,2010,Fuscia,Purple,171855
JH4CU4F41BC757069,Ford,Windstar,1996,Yellow,Green,44503
2C3CDYCJ6DH653037,Infiniti,J,1996,Purple,Teal,22379
2G4WE587381131199,Infiniti,QX,2004,Yellow,Maroon,180971
5LMJJ3H52CE932428,Hummer,H1,1996,Indigo,Yellow,72901
SAJWA4DC2FM693661,Acura,TSX,2009,Blue,Maroon,77735
WAU3GBFC5DN504488,BMW,600,1958,Crimson,Turquoise,268298
3D7LP2ET0AG998578,Hyundai,Sonata,1993,Yellow,Yellow,36428
KMHCT4AE1DU111611,Ford,Thunderbird,1987,Pink,Maroon,208817
W04GY5GVXB1514130,Mercedes-Benz,E-Class,2012,Puce,Khaki,66042
1GYUKCEF7AR340778,BMW,8 Series,1997,Maroon,Fuscia,311354
JN1AY1APXDM181902,Chevrolet,Avalanche 2500,2005,Teal,Purple,301732
WAUDL54F85N538554,Ford,Model T,1909,Maroon,Crimson,48039
KNAGN4AD4F5913040,Lincoln,Continental,1987,Pink,Yellow,4042
3VW1K7AJ4DM909888,Toyota,Prius v,2012,Goldenrod,Violet,63287
2HNYD18954H647747,Nissan,Frontier,2011,Maroon,Green,113536
JTDZN3EUXD3491168,Chevrolet,Express 2500,2011,Orange,Aquamarine,59149
1FBNE3BL1BD673408,Daewoo,Lanos,2002,Crimson,Khaki,296885
4A31K2DFXBE225280,Mazda,Navajo,1993,Purple,Teal,152347
WAUWFAFR2CA279127,Volkswagen,Passat,2007,Pink,Yellow,194713
JTHKD5BH0E2807819,Toyota,Echo,2002,Violet,Crimson,50715
1C3CCBHG6CN479618,Mercury,Cougar,1988,Teal,Blue,223457
WBANE53596B404338,Mitsubishi,Precis,1990,Teal,Crimson,5101
2G4WS52J551477778,Suzuki,Esteem,1995,Mauv,Aquamarine,241730
JH4CW2H63CC522977,Ford,Mustang,2010,Yellow,Teal,164687
WAUGF78K09A561850,Hummer,H2,2007,Blue,Teal,182937
3GYFNHE3XDS431788,Jeep,Wrangler,2001,Pink,Green,292357
1N4AL2AP2CN024994,Subaru,Tribeca,2010,Green,Goldenrod,234773
WBAUP9C51CV355692,Cadillac,DTS,2009,Khaki,Violet,47676
WDDPK5HA8FF790355,Ford,Probe,1990,Green,Maroon,188969
5UXFH0C53BL203393,BMW,7 Series,2003,Teal,Crimson,106890
3D73M3CL9AG400361,Ford,Festiva,1993,Pink,Fuscia,320652
2B3CK5CTXAH931680,BMW,325,2005,Khaki,Yellow,301817
WA1AV74L87D815773,Nissan,Sentra,1995,Purple,Turquoise,88931
WAUHFBFL4CN935363,Audi,A6,2006,Puce,Yellow,707
1N6AF0LY1EN639886,Cadillac,Seville,1995,Yellow,Maroon,188627
WAUCD54BX4N098213,Volvo,V90,1997,Purple,Maroon,231929
JN8AZ2ND5F9945732,Chevrolet,G-Series 2500,1997,Purple,Teal,270770
SCBZB25E61C993315,Mitsubishi,Diamante,1999,Blue,Blue,263630
WAUAVAFA4AN710144,Chevrolet,Suburban 1500,2009,Indigo,Aquamarine,113812
JN1CV6EK3CM464735,Volkswagen,Golf,1991,Goldenrod,Green,155287
5GAKVDKD7DJ731558,Subaru,Legacy,2006,Khaki,Puce,285212
WBAYA8C55FD285444,Ford,Ranger,1994,Turquoise,Teal,217827
1FTEX1CM1BF221271,Honda,Civic,1992,Violet,Blue,84225
SCFAB22383K327838,Suzuki,Aerio,2003,Blue,Blue,83623
WBABN53422J176774,Ford,Tempo,1986,Blue,Khaki,198830
1FTNF2A51AE738403,Chrysler,PT Cruiser,2007,Indigo,Puce,81959
2HNYD18641H320709,Volvo,850,1993,Khaki,Maroon,165504
1GD020CG2BF933882,Subaru,Outback,2006,Yellow,Turquoise,132599
KNDJN2A25E7336100,Volkswagen,Type 2,1989,Puce,Purple,72205
1C4SDHCT3DC894470,Subaru,Forester,2005,Mauv,Fuscia,85154
4JGBB2FBXAA366434,Saab,9-3,2008,Goldenrod,Maroon,166997
2HNYD18233H051182,Alfa Romeo,Spider,1993,Indigo,Green,6925
JH4CL96848C317231,Isuzu,i-370,2007,Teal,Maroon,196749
1FTWW3CY4AE759778,Pontiac,Grand Prix,1987,Yellow,Purple,309267
WBAKB0C50BC950898,Chevrolet,Suburban,2011,Green,Red,182951
1FTSX2A56AE064541,Volkswagen,Jetta,1986,Blue,Green,285931
WAULC68E25A952911,Chevrolet,Sportvan G10,1992,Blue,Aquamarine,142725
SCBFR7ZA9DC526624,Maserati,GranTurismo,2010,Indigo,Indigo,159990
4T1BF3EK6AU281083,Subaru,Impreza,1998,Blue,Aquamarine,169939
3C6TD5NT6CG601678,Toyota,Celica,2001,Teal,Blue,31659
YV140MAB9F1560573,Nissan,Pathfinder,1999,Violet,Goldenrod,177977
2C3CDXBG0FH614009,Chevrolet,Corvette,1984,Crimson,Green,50915
WDDGF4HB6CR774396,GMC,2500 Club Coupe,1993,Khaki,Khaki,243810
WBA4B3C55FG135525,GMC,Yukon XL 1500,2001,Turquoise,Yellow,208329
1GYS3NKJ7FR152522,Studebaker,Avanti,1963,Violet,Goldenrod,189115
5TFCW5F17DX619426,Hyundai,Santa Fe,2012,Khaki,Turquoise,159695
WAURMAFD0EN578134,Infiniti,QX56,2010,Puce,Khaki,163336
19XFB2F52FE486684,Dodge,Ram Van 3500,1999,Purple,Purple,59769
5TDDW5G17FS810324,Lincoln,Mark VII,1992,Mauv,Goldenrod,302000
YV4902NB2F1310230,BMW,6 Series,2008,Aquamarine,Crimson,144568
1G6DG1E39E0098526,Mercury,Mountaineer,2008,Indigo,Maroon,231174
JTHBE1D24F5357462,Mercury,Sable,1997,Turquoise,Violet,70022
1GD01ZCG9BF036548,Oldsmobile,Silhouette,1995,Yellow,Goldenrod,43531
5FRYD3H28GB621060,GMC,3500,1999,Mauv,Crimson,10677
2B3CM5CT6BH221509,Ford,Expedition,2002,Red,Purple,218692
2B3CJ5DT5BH982281,Hyundai,Genesis,2012,Goldenrod,Teal,32413
JTDKDTB36D1969016,Mercedes-Benz,SLR McLaren,2006,Goldenrod,Yellow,154868
3LN6L2LU7FR392233,Jeep,Wrangler,2005,Orange,Mauv,143396
WBA5A5C53ED030985,Acura,TL,2005,Mauv,Fuscia,31620
WAU2GAFC3FN615842,Toyota,Echo,2001,Crimson,Turquoise,231419
19XFB2F57EE932990,Ford,F150,2012,Yellow,Khaki,206437
1N4AL2APXBN470860,Volkswagen,New Beetle,2010,Maroon,Khaki,270717
WBANU5C54AC901867,Kia,Soul,2011,Green,Turquoise,255023
JH4NA21694S227598,Chrysler,New Yorker,1996,Green,Yellow,100621
WAUGFAFR7BA110188,Subaru,Baja,2006,Violet,Turquoise,73724
1C4RDJDG1EC398530,Chevrolet,Express 1500,1999,Turquoise,Puce,315468
5N1AA0ND0EN521559,GMC,3500 Club Coupe,1998,Turquoise,Goldenrod,234267
5N1AN0NU0AC291970,Honda,Ridgeline,2010,Aquamarine,Mauv,296709
WVGAV3AX2DW210049,Ferrari,458 Italia,2012,Fuscia,Orange,181447
SALAB2V65FA671229,Mercury,Sable,1990,Mauv,Blue,150132
WAUKF78EX7A447095,Buick,LeSabre,1986,Indigo,Turquoise,39255
JN8CS1MU5DM636555,Chevrolet,Silverado 2500,2006,Orange,Purple,49272
WAUML54DX1N060372,Nissan,Maxima,1990,Khaki,Blue,108405
WAULC68E35A897398,GMC,Safari,1992,Pink,Fuscia,74747
55SWF4JB7FU446302,Ford,Thunderbird,1977,Goldenrod,Purple,32862
WAUHFAFL9AA530811,Audi,A8,2010,Aquamarine,Indigo,175651
WAUDF48H88K258989,Subaru,Forester,2003,Indigo,Indigo,83228
WAULC58E62A716154,Oldsmobile,88,1995,Crimson,Fuscia,290238
KNADM5A33E6786194,Acura,MDX,2012,Aquamarine,Purple,232734
1GYS3BEFXER971044,Mercedes-Benz,CL-Class,2010,Yellow,Maroon,112580
4T3BA3BB2AU372460,Buick,Special,1962,Crimson,Puce,42790
WBAEW53434P800849,Nissan,Murano,2005,Puce,Purple,139525
WBA3B3G57FN072512,Volkswagen,GTI,2006,Indigo,Crimson,147768
1G6DV57VX80640703,Ford,Tempo,1994,Teal,Orange,314575
1G6DK5E31D0619291,Pontiac,Firebird,1986,Purple,Crimson,145160
WAUAH68D31A808357,Dodge,Caravan,2008,Teal,Aquamarine,104640
WBAWL1C5XAP817173,Volkswagen,New Beetle,2006,Goldenrod,Red,109875
SAJWA4GB9EL293541,Hyundai,Tiburon,2009,Fuscia,Goldenrod,46174
3N1AB6AP5CL590560,Dodge,Caravan,2010,Yellow,Khaki,190464
1G6DZ67A980439091,Eagle,Vision,1994,Maroon,Indigo,260379
1FTWW3A57AE794601,Mercedes-Benz,300D,1993,Orange,Pink,139372
3VWPG3AG6AM954173,Lexus,IS,2005,Green,Puce,49072
1G4PS5SKXC4777413,Mitsubishi,Galant,1985,Khaki,Orange,49135
WBAUP9C50DV385249,Cadillac,DeVille,2004,Fuscia,Blue,74557
JA32U2FU4FU669164,Cadillac,STS,2009,Puce,Teal,1239
3N1CE2CP2FL401325,Chevrolet,Suburban 1500,1992,Pink,Khaki,256248
JN1BV7AP6FM875408,Toyota,Truck Xtracab SR5,1989,Indigo,Fuscia,191525
5N1AR2MM8DC432757,Cadillac,SRX,2010,Pink,Aquamarine,186153
1GYEC63828R255638,Suzuki,Daewoo Magnus,2004,Orange,Green,283160
1GKS1AE09BR201371,BMW,5 Series,1995,Blue,Goldenrod,141337
1FTMF1C8XAK533015,Porsche,Panamera,2010,Indigo,Fuscia,211483
5FNYF3H24FB975085,Nissan,Altima,1996,Turquoise,Purple,252061
WUADU98EX8N644584,Chevrolet,Tahoe,1996,Puce,Puce,259216
2G4WF521X41477665,Buick,Rendezvous,2007,Indigo,Aquamarine,309506
SCBLC37FX5C191399,Suzuki,Grand Vitara,2005,Puce,Orange,311610
1G6AB5SA2F0680741,Volkswagen,Jetta,1986,Puce,Turquoise,23260
1GYS4FEJ2DR902775,Subaru,Forester,2009,Turquoise,Puce,64561
WBABS53452J709953,Mercedes-Benz,W201,1988,Blue,Green,145185
KM8JT3AB5DU393694,Land Rover,Defender 90,1995,Orange,Blue,289296
JH4KB16657C250409,Nissan,200SX,1997,Indigo,Crimson,90482
2C3CDXEJ8EH739202,Oldsmobile,Cutlass Cruiser,1994,Green,Turquoise,86156
WAUVT54B94N710588,Infiniti,QX,2000,Orange,Turquoise,59325
WAUBH78E27A525377,Lexus,GX,2010,Puce,Green,6286
1N6AF0LX2EN058775,Hyundai,Azera,2007,Yellow,Aquamarine,40004
1C3CCBCG4DN251044,Isuzu,i-Series,2008,Orange,Maroon,193832
JH4DC54845S996970,Suzuki,Kizashi,2010,Red,Maroon,307637
4T1BD1EB2FU603283,Infiniti,QX,2008,Pink,Khaki,62628
5J8TB4H55DL062143,Acura,Vigor,1994,Yellow,Aquamarine,147331
19UUB3F76FA481278,Lincoln,Navigator L,2007,Green,Mauv,287406
WBAFU9C50BC157262,Mazda,B-Series,2006,Violet,Turquoise,205074
JHMFB4F28CS789980,Dodge,Dakota,2004,Yellow,Mauv,93689
1G6AH5RX9D0256978,Honda,Fit,2011,Fuscia,Orange,75526
WAUKH78E28A534162,Pontiac,Gemini,1988,Yellow,Purple,179692
WAUWFBFL2CA061707,Ford,Crown Victoria,1997,Aquamarine,Pink,125275
JH4NA12612T897145,Mercedes-Benz,Sprinter 3500,2012,Fuscia,Yellow,132135
WAUEFAFL7BA898621,Isuzu,Rodeo,1993,Teal,Red,316292
WAUJC68E05A293461,Ford,E-Series,2007,Fuscia,Blue,307112
WBAEV33493P840147,Honda,Insight,2002,Yellow,Khaki,233544
WAUAVAFD2BN819276,Audi,TT,2010,Blue,Yellow,282165
WBAFR1C54BD383205,Ford,E150,2006,Blue,Purple,68534
WUARL48H99K802373,GMC,Sonoma,1996,Purple,Green,324332
5UXFA93545L432498,Chevrolet,S10,2004,Indigo,Indigo,295850
WAUVC58E63A929082,Subaru,Tribeca,2010,Turquoise,Green,175499
5N1AA0NC1EN966769,Ford,Taurus,1992,Pink,Maroon,228528
YV1960BW2A1598928,Honda,Prelude,1999,Khaki,Green,95890
1N4AL2AP5CC478829,Cadillac,DeVille,1997,Violet,Goldenrod,180284
YV126MFC3F2798596,Mercedes-Benz,W201,1986,Turquoise,Puce,27822
2B3CA8CT9AH920772,Saab,900,1985,Pink,Mauv,141279
YV4960DL5A2997994,GMC,Savana 1500,2011,Crimson,Green,46849
5GADT13S152754663,Subaru,Legacy,2008,Puce,Maroon,5732
WAUJFAFHXCN686025,BMW,5 Series,1994,Violet,Goldenrod,48403
WBALW7C58CC091451,Audi,S4,2009,Green,Teal,311900
1C3BCBGG9EN090343,Jeep,Liberty,2009,Puce,Aquamarine,40140
1FTSW2B56AE392401,Dodge,Ram 2500 Club,1997,Indigo,Aquamarine,963
1C3CC5FB8AN449848,Volvo,C70,2011,Indigo,Teal,219481
1N6AF0KY0EN861434,Toyota,Camry Hybrid,2011,Red,Red,99258
5GAEV23728J097723,Ford,E-Series,2009,Indigo,Red,62622
JTHFF2C28F2429707,Cadillac,CTS,2004,Purple,Maroon,140160
4T1BD1FK9CU619491,Pontiac,G6,2006,Puce,Indigo,237825
5UXWX7C56E0266778,Honda,Civic,2009,Puce,Orange,312073
3C6JD6DK4CG710744,Mazda,MPV,2006,Orange,Goldenrod,280462
4T1BK3DB1BU212431,Mitsubishi,Diamante,1994,Crimson,Aquamarine,292252
WAUDN94F58N772687,Chevrolet,Express 3500,2006,Crimson,Aquamarine,272209
JN8AZ2NE7F9833507,Ford,Mustang,1979,Purple,Teal,78989
WAUBNBFB7AN531471,Toyota,Avalon,2004,Violet,Green,88277
1FAHP2D80EG683736,Dodge,Ram 1500,1998,Yellow,Violet,163065
1FTEW1CF1FF976026,Jaguar,XJ Series,1996,Turquoise,Orange,31770
TRUWC28N111142324,Volkswagen,Routan,2009,Violet,Fuscia,181824
1FTEX1CM5CF186865,Toyota,Avalon,2004,Goldenrod,Yellow,313895
WAUKG94F26N070714,Dodge,Caliber,2010,Orange,Mauv,11189
WAUKD78P17A919594,Acura,MDX,2002,Violet,Indigo,110231
SCFEFBBC7AG239482,Oldsmobile,Aurora,1999,Turquoise,Red,290363
5GAKRAED1CJ374407,Chrysler,300,2009,Green,Maroon,278960
1FTWW3CY4AE615230,Maserati,Biturbo,1984,Aquamarine,Pink,263497
5UXZW0C50D0748829,Hyundai,Tucson,2005,Blue,Green,120023
TRUTX28N221631436,Kia,Spectra,2006,Purple,Maroon,264902
3D7JB1EK0BG990358,Mazda,Miata MX-5,2004,Mauv,Teal,78212
JN1CV6EK9AM022281,Ford,F-Series,1997,Yellow,Red,185840
1N4AA5APXCC995146,Nissan,Pathfinder,1997,Blue,Purple,14324
1G4HK5E90AU268392,Ford,Crown Victoria,1997,Purple,Indigo,70072
JH4NA21644T080133,GMC,Safari,1992,Crimson,Violet,59899
KNALN4D71F5419710,Subaru,Impreza,1994,Red,Puce,171767
WP0CA2A87ES388351,Ford,Focus,2006,Red,Fuscia,54678
WAUHF78PX7A226639,Ram,3500,2012,Teal,Orange,295611
5J8TB3H58GL047148,Chrysler,Town & Country,2011,Green,Crimson,117450
WAUEH98E07A944627,Chevrolet,Silverado,2010,Maroon,Purple,54258
WAUEFAFL4DA659921,Ford,Contour,1998,Turquoise,Teal,234998
3C3CFFER1FT162404,Porsche,911,1995,Indigo,Teal,283566
1GKS1HE08BR823775,Toyota,Highlander,2003,Khaki,Aquamarine,49567
19UUA66275A001935,Ford,Contour,1998,Mauv,Puce,165676
3VW4S7AT0EM756264,Jeep,Compass,2008,Goldenrod,Red,178418
1G4HP54K85U215175,Nissan,NV2500,2012,Crimson,Turquoise,55267
KNALN4D7XE5076622,Plymouth,Voyager,2000,Crimson,Violet,323687
SAJWA4GB4FL743629,Ford,F-Series,2007,Yellow,Violet,56374
JM1NC2JF6E0268649,Ford,Explorer Sport Trac,2009,Yellow,Mauv,14860
SAJWA4GC5EM136009,Dodge,Grand Caravan,1998,Maroon,Blue,321323
WAUEF98E48A675345,Mercury,Milan,2006,Mauv,Red,208732
WBAYA8C56DC557308,GMC,Sierra 2500HD,2006,Crimson,Purple,173088
3VWF17AT0FM355682,Honda,Accord,1986,Maroon,Mauv,204906
WA1VFBFL1DA980981,Ferrari,612 Scaglietti,2008,Orange,Maroon,295375
WBAPH5G56BN864740,Honda,Civic,1980,Maroon,Turquoise,96946
3GYT4MEF3BG866323,Mercedes-Benz,SLK-Class,2008,Aquamarine,Goldenrod,206535
1G6AT5SX9E0049923,Infiniti,JX,2013,Violet,Khaki,273211
WAUXL58E85A514941,Pontiac,LeMans,1967,Fuscia,Blue,178088
TRUWT28N821972199,Volkswagen,Cabriolet,1996,Teal,Fuscia,110670
JM1CW2BL5D0018580,Buick,Verano,2012,Crimson,Teal,98329
JTHBP5C22B5311402,BMW,M Roadster,2008,Puce,Aquamarine,260847
1G6KP5ES3BU755184,Mitsubishi,Tredia,1985,Fuscia,Mauv,319440
1GD02ZCG8CZ144009,Kia,Optima,2009,Puce,Pink,75329
2HNYD2H27CH873053,Suzuki,Equator,2011,Turquoise,Green,116631
3D73M3HL0BG682304,Dodge,Ram Van 1500,2001,Maroon,Crimson,58111
WBANV13578B959820,Toyota,FJ Cruiser,2008,Mauv,Turquoise,83399
WA1WMBFE0DD676700,GMC,3500 Club Coupe,1992,Aquamarine,Orange,6758
WA1VFBFL8EA741123,Mercury,Topaz,1988,Aquamarine,Mauv,81748
WP0CA2A82FK214382,Toyota,Sequoia,2012,Mauv,Goldenrod,265515
1GYUCJEF6AR549544,Ford,Bronco II,1988,Orange,Yellow,227880
WBAEU33473P302968,Ford,Probe,1991,Goldenrod,Turquoise,221430
WBAKF3C54CE521386,BMW,Z8,2003,Crimson,Red,111050
1D7CW2BK0AS074990,Kia,Rio,2010,Yellow,Pink,139877
SCBLC47J68C589188,Honda,Civic,1997,Aquamarine,Green,154832
1G6KD57Y49U845366,Lincoln,Navigator,2011,Teal,Fuscia,324158
3LN6L2G99ER546090,Chevrolet,Beretta,1993,Turquoise,Pink,32572
3N1AB6AP7AL224659,Acura,TL,2000,Indigo,Maroon,280880
WAUKF78E97A538584,Toyota,Land Cruiser,2004,Blue,Fuscia,37936
JN8AF5MR2DT973849,Volvo,C70,1999,Turquoise,Crimson,317380
JN1AZ4EH6EM026329,Chevrolet,Corvette,1963,Yellow,Mauv,10265
5NPDH4AE5EH721131,Chevrolet,Corvette,2004,Orange,Blue,220249
JH4NA21614S996693,Buick,Regal,1997,Pink,Orange,106397
JM3TB2BA7B0604115,Mercury,Tracer,1998,Orange,Pink,172254
5GAKVBED2BJ721095,Volkswagen,Golf,2012,Khaki,Blue,113287
WAUYP64B91N036767,Ford,Mustang,2010,Fuscia,Yellow,151768
1FMCU0E72AK192625,BMW,3 Series,1997,Red,Goldenrod,292925
WVGEG9BPXDD941546,Mercedes-Benz,E-Class,2010,Fuscia,Pink,302729
1C3CDFBBXFD768187,Mercury,Cougar,1999,Yellow,Fuscia,205481
WAUMR44E45N782010,Chevrolet,2500,1995,Yellow,Turquoise,6928
4JGBF2FE8AA091869,Volkswagen,New Beetle,2001,Turquoise,Yellow,165067
1N4AA5AP1AC039471,Chevrolet,Express 3500,2004,Indigo,Red,126757
WAU2MAFC0EN833096,Chevrolet,Astro,2004,Violet,Goldenrod,213628
JTEBU5JR4E5459626,Lotus,Elan,1993,Yellow,Mauv,285824
1G4HE57Y66U002880,Honda,Insight,2002,Mauv,Teal,210273
2FMGK5B82EB249195,Cadillac,STS-V,2009,Puce,Violet,302718
YV4940BL2D1452225,Pontiac,Bonneville,1965,Crimson,Turquoise,27746
1G4HR57Y68U692072,Volkswagen,Jetta,2012,Crimson,Khaki,294561
1FTEW1CM9EK930626,Toyota,Avalon,2003,Aquamarine,Blue,295065
1G6DX67D490980955,Cadillac,STS-V,2009,Purple,Pink,247905
19UUA8F2XBA365550,Hummer,H2,2009,Pink,Fuscia,138252
WBAFR9C59CD557477,Bentley,Continental GTC,2010,Red,Violet,171191
KM8NU4CC5BU908006,Porsche,911,1995,Pink,Red,229775
2T2BK1BA0BC185301,Chevrolet,Monte Carlo,2007,Teal,Red,234647
137ZA90381E118663,Buick,Regal,2000,Puce,Mauv,85412
1G6AH5RX1D0581737,Scion,xD,2008,Yellow,Maroon,297663
JN1CV6EK6EM808089,Dodge,Dakota Club,2007,Puce,Turquoise,162962
3N1AB7AP0FL977124,Porsche,Boxster,2006,Aquamarine,Khaki,45223
WBANV13599B927369,Dodge,Colt,1993,Turquoise,Fuscia,265163
1G6DV1EP7B0225939,Saturn,S-Series,1999,Violet,Puce,66430
WUALNAFG6EN234987,Chevrolet,Express 3500,1996,Green,Pink,291096
SALAG2D47AA559929,Nissan,Quest,2009,Indigo,Orange,63967
3C6LD5BT8CG894276,Jeep,Compass,2011,Red,Indigo,256614
WBAFU9C59CC783720,Ferrari,612 Scaglietti,2006,Khaki,Purple,197016
4F2CY0C76AK240528,Land Rover,Range Rover,1994,Khaki,Yellow,188836
2T1BU4EE3BC227801,Mercedes-Benz,G-Class,2002,Red,Yellow,40566
WBA5B1C55FG839572,Aston Martin,V8 Vantage,2008,Khaki,Turquoise,90082
2G4WS52J021298169,Subaru,Legacy,2002,Green,Purple,291702
19XFB2F54DE596956,Lincoln,Town Car,2011,Maroon,Green,4102
5N1AZ2MG7FN529627,Audi,A4,2003,Puce,Purple,192080
3VWML7AJ0EM223696,Tesla,Model S,2012,Red,Pink,287207
1NXBU4EE5AZ650229,Volkswagen,GTI,2012,Puce,Maroon,257959
JH4KA96563C788474,Dodge,Dakota,2005,Khaki,Maroon,81310
3N1AB7AP4FL243523,GMC,Sonoma Club,1992,Pink,Blue,133255
1G6AD5SX1D0903430,Bentley,Continental GTC,2010,Indigo,Green,202115
WVWAB7AJ1CW255367,GMC,Savana 1500,2002,Mauv,Teal,321057
5J8TB4H52GL195382,Lincoln,Continental,1987,Blue,Violet,40691
5UMDU93467L757823,BMW,7 Series,2001,Aquamarine,Pink,184172
WBABW534X5P475265,Infiniti,FX,2007,Crimson,Orange,111823
WBAHN83557D578072,Dodge,Caravan,2004,Yellow,Teal,71256
1HGCP2E42AA757768,BMW,530,2006,Aquamarine,Aquamarine,15055
5GTMNGEEXA8682073,Toyota,Tundra,2004,Aquamarine,Fuscia,113817
WVWAP7AN4DE197251,Mercury,Milan,2010,Indigo,Purple,31233
WA1WKBFP6CA138199,Honda,Accord,1988,Blue,Mauv,236823
SAJWA4DB8DL585250,Hyundai,Azera,2009,Red,Aquamarine,157106
3D73M4CL7BG176742,Ford,Crown Victoria,1996,Pink,Crimson,185309
WBAAZ33473P838285,Mitsubishi,Pajero,2003,Orange,Teal,23393
WAUEFBFL1EN012120,Jaguar,XK,2009,Fuscia,Pink,163789
1GYS3MKJ5FR594726,Audi,90,1989,Orange,Aquamarine,287827
5TFBY5F16DX082747,Chevrolet,Monte Carlo,2001,Orange,Fuscia,137522
WUADNAFG1AN206092,Buick,Skylark,1994,Purple,Yellow,40028
WA1DGAFEXCD216158,Ford,Explorer,1999,Orange,Green,238755
3LNHL2GC3BR151113,Mazda,Mazda3,2004,Purple,Khaki,42723
WBA5A7C54FD237415,Mitsubishi,Lancer,2012,Crimson,Green,139063
WA1VMBFP1EA860379,Toyota,Previa,1992,Indigo,Indigo,150559
5XXGM4A72CG166819,GMC,1500,1994,Yellow,Pink,5193
WAUSF78K59A308825,Nissan,Pathfinder,2000,Turquoise,Red,262169
4USBU33518L225330,Toyota,MR2,2000,Goldenrod,Green,150203
5J8TB1H54CA687884,Aston Martin,V12 Vantage,2011,Yellow,Orange,205997
WAUDF58E05A417601,Mercedes-Benz,CLK-Class,2009,Maroon,Red,295229
JM3ER2W34A0928573,Volkswagen,Fox,1993,Crimson,Khaki,194157
TRUB3AFK4D1375653,Buick,Skylark,1986,Crimson,Purple,151448
1FTSW2A50AE889882,Buick,Century,1997,Green,Indigo,156439
WAUVT68E55A667001,Pontiac,Grand Prix,1971,Puce,Teal,207358
3C4PDCBB0CT119130,Mazda,MX-3,1995,Blue,Yellow,288929
WAUCH74F89N505553,Isuzu,Trooper,1996,Red,Purple,202741
SCBZB25E72C365488,GMC,Savana 2500,2012,Goldenrod,Maroon,247948
WBAPN7C5XAA090699,GMC,Sierra 1500,2000,Mauv,Yellow,319266
1FMJK1JT5FE225466,Suzuki,Swift,1989,Red,Turquoise,48297
WAUEF78E48A456535,Mitsubishi,Galant,2009,Blue,Blue,164458
1B3CB2HA0AD702847,Ford,Taurus,2012,Teal,Green,221968
19UUA9E54DA294303,Toyota,RAV4,2006,Puce,Mauv,110298
WBA3V7C50FP106265,GMC,Sierra 2500,2001,Goldenrod,Puce,192619
JN1AV7AR7FM559836,Ford,Focus,2006,Purple,Teal,253573
WA1AY94L88D056370,Alfa Romeo,164,1993,Mauv,Violet,289742
1G4PS5SK3E4383903,Toyota,Prius,2007,Turquoise,Puce,55988
KNAFT4A24B5253222,Jaguar,XJ Series,1996,Pink,Aquamarine,192062
1G6DJ1E34D0530410,Mercedes-Benz,SL-Class,2008,Fuscia,Red,205889
2B3CL5CT2BH457321,Mercedes-Benz,SLK-Class,2004,Green,Goldenrod,251589
SAJWA0FBXBL229949,Mercedes-Benz,CL-Class,2005,Teal,Orange,54591
5TDDCRFHXES757888,Ford,Thunderbird,1986,Indigo,Puce,218817
WAUDGAFL8AA957408,Mazda,Familia,1986,Teal,Crimson,88569
WAUEF98E08A038727,Lexus,RX,2010,Crimson,Maroon,275398
WBANW13598C287220,Mazda,B-Series Plus,2004,Mauv,Indigo,96012
1D7RB1CT1BS132730,Toyota,Tacoma,1995,Green,Fuscia,7413
JTHBE1BL9FA797468,Toyota,Tundra,2007,Pink,Indigo,287480
1GTC5LF99B8694794,Volvo,XC70,2011,Fuscia,Goldenrod,26426
JM1DE1HY8B0799838,Subaru,Forester,2010,Yellow,Fuscia,49450
WBAUL73548V403953,Nissan,Frontier,2003,Goldenrod,Fuscia,230470
JTDKTUD38DD960189,Volvo,S40,2011,Mauv,Fuscia,14720
4F2CY0C7XAK714688,Honda,Accord Crosstour,2011,Crimson,Yellow,202576
1FTWW3DY3AE522228,Toyota,MR2,2002,Violet,Goldenrod,79
4USDU53467L894672,Maybach,62,2012,Aquamarine,Orange,71582
KL4CJCSBXDB630414,Maybach,62,2008,Violet,Yellow,73696
WBA3B9C54EP519938,Mitsubishi,Eclipse,2010,Green,Crimson,252659
1G6DF8EY2B0200607,Chevrolet,Corvette,2001,Khaki,Puce,262126
2D4RN6DX5AR114380,Volvo,V40,2001,Pink,Teal,281174
WAUEG74F66N382326,Pontiac,G6,2007,Turquoise,Orange,71267
1C4RDJDG4CC470544,Dodge,Ram Van 2500,1999,Violet,Maroon,284024
WAUKF78E65A827399,Cadillac,Seville,1999,Khaki,Maroon,50601
3N1CN7AP8FL037864,Buick,Skylark,1986,Yellow,Turquoise,187614
JN8AF5MR9CT626629,Jaguar,XK Series,2005,Blue,Indigo,305819
19VDE1F54FE909735,Chrysler,Sebring,1995,Purple,Green,51093
YV140MAB5F1276504,Ford,Bronco,1987,Orange,Maroon,34249
WAUAF48HX8K057789,Buick,Century,1997,Blue,Green,222226
SCBDR33W87C653776,Ford,Focus,2003,Aquamarine,Yellow,121742
1N6AD0CU1DN598063,Scion,tC,2008,Blue,Puce,219704
JN1AZ4EH6CM113421,Kia,Sorento,2013,Pink,Indigo,9236
5LMJJ2H55CE227777,Porsche,911,1986,Red,Maroon,92724
1HGCR2E79FA103961,Subaru,Outback,2003,Yellow,Maroon,167222
WAUJC58EX4A982271,Chevrolet,Malibu,2006,Aquamarine,Maroon,206345
WA1C8AFPXDA560697,Toyota,Solara,2000,Violet,Turquoise,69779
WBAPT7C53AC174633,Maybach,62,2007,Khaki,Maroon,268793
1G6AP5SX4E0245269,Mazda,Miata MX-5,2006,Blue,Red,268806
JH4KB26599C351632,Aston Martin,V8 Vantage,2012,Violet,Pink,182431
1G4HD57238U455968,Isuzu,Stylus,1992,Teal,Orange,100761
2C3CCAXJ8DH501930,Chevrolet,Lumina,1997,Yellow,Turquoise,81528
WBAVB73587K988589,Chevrolet,SSR,2005,Blue,Blue,140715
JTHBE1KS3A0263677,Lexus,SC,1995,Blue,Crimson,194727
1G6AF5S35E0091719,Volkswagen,Passat,2005,Pink,Yellow,11814
2T1BURHE8EC178947,Mazda,MPV,1992,Teal,Khaki,229250
1G6KY54993U757695,Dodge,Dakota Club,1997,Fuscia,Turquoise,983
19UYA42631A650205,Eagle,Summit,1996,Maroon,Turquoise,174242
WAUVF78K79A914592,Ford,Ranger,2011,Green,Green,305994
1FTEW1CM6CF775250,Ford,ZX2,2002,Fuscia,Yellow,136366
KNADH4A3XA6276790,Audi,S5,2009,Blue,Fuscia,43661
5N1AZ2MG5FN620699,Ford,F-Series Super Duty,2010,Violet,Orange,211792
1FT7W2A62EE123544,Land Rover,Defender,1995,Blue,Teal,174419
JH4NA12604T116876,Cadillac,Eldorado,1993,Red,Yellow,139292
WBA3A9C57EK375267,Scion,tC,2011,Red,Indigo,314201
SCFHDDAT7EG077004,Chevrolet,Corvette,2002,Yellow,Turquoise,305730
WAUMFAFR7EA746732,Mercedes-Benz,S-Class,2006,Goldenrod,Fuscia,181861
WDCYC3HF5AX947123,Acura,Legend,1988,Mauv,Indigo,250647
JN8AZ2KR1DT306392,Mazda,B-Series Plus,1994,Indigo,Maroon,223181
5FRYD4H27EB036814,Hyundai,Veracruz,2010,Yellow,Orange,75615
WBAWC33548P411637,Aston Martin,DB9,2005,Turquoise,Maroon,200583
2HNYD28838H640444,Nissan,Frontier,1999,Indigo,Purple,167598
YV4952CZ3E1089382,Toyota,Camry Solara,2008,Maroon,Fuscia,250284
SALFR2BN2CH323601,Cadillac,Escalade EXT,2010,Red,Yellow,226365
JTHDU1EFXA5286466,Audi,TT,2000,Goldenrod,Indigo,26354
1GYEE637360636496,Dodge,Ram,2003,Khaki,Green,15950
2T1BPRHE3FC078795,Toyota,Tundra,2005,Aquamarine,Pink,255273
WBASN2C53BC345003,Mazda,RX-7,1994,Puce,Orange,33766
5N1AA0NCXEN897371,Aston Martin,Virage,2011,Violet,Maroon,137362
SCFAD01A75G756277,Volkswagen,Phaeton,2006,Turquoise,Blue,45980
WAUGVAFR9BA856001,Toyota,RAV4,2001,Mauv,Turquoise,222535
3D7JV1EP3BG471307,Mitsubishi,Mirage,1995,Maroon,Green,35395
2T2BK1BA2FC151978,Ford,Mustang,1986,Aquamarine,Green,324292
19UUA76548A377268,Toyota,RAV4,2002,Puce,Goldenrod,258855
1N4AL2AP3AC661126,Mazda,MX-3,1993,Red,Orange,177543
1N6AF0KY1EN947674,Volvo,S60,2003,Green,Mauv,285857
5TFBY5F14CX579231,Infiniti,EX,2010,Mauv,Red,185535
4T1BF1FK0DU233103,GMC,Suburban 1500,1992,Red,Green,91801
1N6BF0KL5FN345984,Toyota,Avalon,2004,Turquoise,Khaki,140340
WBAKF9C53BE895327,Pontiac,GTO,1973,Turquoise,Teal,310716
1N6AF0LY8EN850891,Ford,Club Wagon,1996,Violet,Indigo,269669
SCFEBBBK6DG435873,Ford,Thunderbird,1965,Orange,Green,73812
WAUAH78E28A083472,Lexus,RX,2010,Goldenrod,Turquoise,211629
1VWAP7A33EC891972,Ferrari,599 GTB Fiorano,2008,Blue,Red,274989
1G6AC5SX8E0272356,Toyota,4Runner,2003,Violet,Purple,114648
SALME1D40AA323720,Chevrolet,Express 1500,1997,Aquamarine,Yellow,296671
1G4HK5ES5BU868328,Chevrolet,G-Series G10,1992,Orange,Indigo,200664
JH4KC1F34EC041730,Volvo,S40,2003,Goldenrod,Goldenrod,64857
JM1CW2BLXC0745681,GMC,Sierra 2500,1999,Red,Yellow,24235
WBADX1C57DJ971133,Volkswagen,Passat,2004,Mauv,Red,94025
3FAHP0DC4AR669124,Buick,LeSabre,1985,Puce,Maroon,197240
1G6AF5SX8E0361934,Ford,Escort,2000,Goldenrod,Red,276066
WA1AGAFE3CD451195,Land Rover,Discovery,1998,Maroon,Yellow,238160
ZFBCFABH3FZ130317,Dodge,Intrepid,1995,Aquamarine,Maroon,37336
KNDPB3A2XB7097809,Mercury,Sable,1993,Purple,Orange,254038
3FA6P0PU5FR279989,Dodge,Ram 2500,1995,Maroon,Maroon,129413
1N6AD0CU3CN274854,Mitsubishi,Pajero,1998,Violet,Red,251162
KNDJN2A29E7984183,Pontiac,Firebird,1998,Violet,Goldenrod,138899
2T1KE4EE2CC400559,GMC,Savana 1500,2012,Yellow,Mauv,7458
1FTSW2B57AE317867,Pontiac,Fiero,1986,Red,Puce,16809
JN8BS1MW0DM937814,Cadillac,SRX,2006,Green,Aquamarine,309167
JTEBC3EH8B2508803,Chevrolet,Malibu Maxx,2006,Maroon,Maroon,239982
1G6AE5S34F0162865,Lincoln,Town Car,2007,Red,Khaki,137183
1FTSX2B52AE002276,Hyundai,Sonata,1997,Orange,Teal,241630
WAUKF98E38A672763,Nissan,Pathfinder,1999,Purple,Orange,123804
YV1612FH1D2705488,Chevrolet,Malibu,2012,Aquamarine,Green,86004
JTDKN3DP0E3136282,Subaru,XT,1990,Turquoise,Red,143831
WBAUC73528V218543,Kia,Sportage,1998,Aquamarine,Red,295626
WUARL48H78K997890,Mercury,Sable,1996,Purple,Crimson,247080
5UMBT93567L221540,Volvo,940,1995,Indigo,Khaki,50650
1GYEC63T93R100582,Buick,LeSabre,1995,Indigo,Green,124496
JN8AZ2KR9CT937390,Ford,F150,2008,Red,Turquoise,267876
1G6DP5EVXA0364588,Subaru,Justy,1993,Yellow,Turquoise,266865
JTDKDTB35F1330869,Dodge,Colt,1994,Crimson,Fuscia,96731
YV426MDA8F2670794,Volkswagen,Eos,2010,Indigo,Aquamarine,170291
1GD21ZCG6BZ243034,Ford,Mustang,1994,Violet,Indigo,320350
1G6DC1E37C0365137,Lexus,SC,2006,Fuscia,Maroon,282948
JH4CL95915C930185,Suzuki,XL7,2007,Maroon,Violet,321068
5J6TF1H50EL566404,Buick,Roadmaster,1993,Aquamarine,Orange,303956
JM1GJ1T5XE1950764,Chevrolet,Venture,2003,Puce,Indigo,47392
WA1LYBFE4AD355472,Subaru,Forester,2012,Fuscia,Mauv,82255
19UUA56702A310647,Honda,Accord,2005,Aquamarine,Blue,147565
WBAXH5C57CC453267,Lincoln,Town Car,1994,Red,Mauv,257934
WBANA73565C953107,Toyota,Tundra,2000,Puce,Yellow,6745
5UXFG2C50E0810744,GMC,Safari,2001,Blue,Green,194416
WAUKF98E26A462426,Audi,5000CS,1988,Crimson,Blue,281218
WBAEU33452P251789,Infiniti,JX,2013,Purple,Blue,211019
WAUEFAFL8EN582366,Ford,Mustang,1994,Aquamarine,Green,39943
WAUKG78E16A189562,Volkswagen,Golf,2012,Purple,Violet,294901
WBANA73534B255610,Toyota,Avalon,2005,Fuscia,Crimson,87393
JTEBU5JR4D5333555,Chevrolet,Corvette,2010,Blue,Puce,184554
19UUA66244A050170,Mercedes-Benz,400E,1992,Blue,Goldenrod,311395
1FTEW1C80AF067379,Ford,Flex,2011,Orange,Mauv,283232
19XFB4F20DE645832,Volkswagen,CC,2010,Indigo,Blue,81433
WP0AA2A97BS797882,GMC,Yukon XL 2500,2005,Crimson,Goldenrod,103241
1G6DC1E36E0573237,Mercedes-Benz,CLK-Class,2005,Blue,Mauv,167517
WBAPN7C57BF971011,Mazda,323,1994,Violet,Pink,223991
1GTN1TEX2DZ329441,Toyota,Celica,2001,Crimson,Orange,64855
3D73Y4HL4BG162441,Ford,Ranger,1991,Crimson,Teal,119906
3GYFNEEY0BS206657,Toyota,MR2,1986,Khaki,Green,51567
1FTEX1CM0BF451349,Subaru,Forester,2012,Green,Fuscia,306263
WBAEW53403P452040,Land Rover,Discovery,1995,Puce,Blue,79865
1G6AM5S32F0173804,Nissan,Titan,2009,Violet,Red,133510
1G6AB5S36E0876679,Honda,Accord,1998,Orange,Maroon,52886
5N1AN0NWXEN052857,Buick,Rendezvous,2005,Purple,Aquamarine,259279
WDDEJ7GB6CA248003,Chevrolet,Tracker,2004,Blue,Goldenrod,180837
1G4GB5GR3FF253776,Ford,Thunderbird,1991,Turquoise,Khaki,120546
1G4HR54K64U157205,Hyundai,Santa Fe,2012,Indigo,Pink,163019
WBAWV1C59AP837005,Lincoln,Navigator,2006,Orange,Yellow,4832
WBAVB73548K541162,Cadillac,Catera,1998,Orange,Indigo,148057
WBA3K5C54EF893433,Cadillac,DTS,2007,Pink,Fuscia,177521
WAUEV94FX8N262842,Chrysler,Town & Country,2004,Green,Violet,145797
WBAAN37431N096076,Chevrolet,Beretta,1995,Red,Aquamarine,88424
1FTSW2B50AE486113,Toyota,Celica,2000,Yellow,Teal,301283
WBAWV53588P185835,BMW,745,2004,Indigo,Goldenrod,44475
WAUAF98E36A904674,Lotus,Exige,2007,Blue,Turquoise,11021
YV4940BZ6E1048740,Mercedes-Benz,SLR McLaren,2007,Goldenrod,Fuscia,260195
1FTSW2A57AE710141,Toyota,Highlander,2012,Fuscia,Crimson,83048
WBANV93558C739035,Nissan,GT-R,2009,Goldenrod,Goldenrod,19463
WAUAF78E08A047091,Mercedes-Benz,S-Class,2003,Mauv,Fuscia,274488
1G6AH5S30D0835123,Chevrolet,TrailBlazer,2009,Teal,Goldenrod,319657
WAUDH48H88K153752,Lamborghini,Diablo,1990,Aquamarine,Khaki,23021
WDDGF4HB7DG160079,Infiniti,QX,2009,Indigo,Puce,144063
WBANN73536B476292,Saab,9-2X,2006,Khaki,Teal,213417
WAULV44EX7N401321,GMC,Safari,2000,Blue,Violet,119903
2G61S5S32D9930970,Dodge,Ram Van 2500,2003,Aquamarine,Violet,240564
5N1AR2MM5EC319625,Toyota,Paseo,1995,Pink,Mauv,233438
1C4AJWAG7DL466951,Pontiac,Trans Sport,1994,Indigo,Green,39582
1G6DK5ED8B0108666,Subaru,SVX,1995,Goldenrod,Crimson,191244
3N1AB6AP8BL918861,Chevrolet,HHR,2007,Green,Pink,65836
1GD02ZCG8DF977201,Nissan,Pathfinder,1996,Violet,Yellow,228810
1G4GD5ED2BF379736,Pontiac,Bonneville,2000,Purple,Yellow,28154
3VW507AT9FM877368,Dodge,Daytona,1984,Aquamarine,Violet,249153
WDDJK6FA0FF085130,Suzuki,Forenza,2006,Red,Puce,270044
WAUFFAFLXDN186135,Mercedes-Benz,C-Class,1999,Mauv,Red,192125
1C4RDHAG5FC312229,Mazda,B2000,1985,Yellow,Blue,141373
3N1AB7AP5FL046425,Chrysler,Sebring,1998,Khaki,Pink,197875
WA1WMBFE9FD584679,Mercury,Sable,2005,Pink,Yellow,144612
1GKKRNED8FJ913913,Lexus,LX,2006,Red,Yellow,112090
WBABW33456P680112,Mitsubishi,Eclipse,1989,Aquamarine,Pink,313010
JTDKTUD33ED948713,Volkswagen,Cabriolet,1998,Pink,Pink,2525
5LMJJ3J59CE057584,Dodge,Neon,1995,Crimson,Fuscia,87071
5J6TF2H56FL309769,Hyundai,Santa Fe,2007,Crimson,Yellow,98569
5TDBW5G18DS738473,Nissan,Pathfinder Armada,2004,Turquoise,Mauv,92659
WAUEF98E08A042406,Tesla,Roadster,2012,Khaki,Khaki,212608
1G6DG1E3XE0042871,Chevrolet,Suburban 1500,1998,Blue,Puce,259875
2CTALBEW8A6658666,Oldsmobile,Silhouette,1993,Goldenrod,Aquamarine,162643
3HGGK5G59FM763066,Toyota,Land Cruiser,2010,Turquoise,Blue,286216
3VW4A7AT7DM254420,Suzuki,Sidekick,1990,Teal,Red,70967
5TDDCRFHXFS813572,Subaru,B9 Tribeca,2006,Yellow,Maroon,112603
